leistung,ort,ortName,kreis,einwohner,volumen,stufe,pfad,fakten,faq,woerter
bad-sanitaer,stuttgart,Stuttgart,Stuttgart,609365,230,P1,/leistungen/bad-sanitaer/stuttgart/,7,3,581
hochbau,stuttgart,Stuttgart,Stuttgart,609365,930,P1,/leistungen/hochbau/stuttgart/,7,3,514
renovierung-sanierung,stuttgart,Stuttgart,Stuttgart,609365,210,P1,/leistungen/renovierung-sanierung/stuttgart/,6,3,490
innenausbau,stuttgart,Stuttgart,Stuttgart,609365,90,P1,/leistungen/innenausbau/stuttgart/,7,3,499
bad-sanitaer,mannheim,Mannheim,Mannheim,319536,180,P1,/leistungen/bad-sanitaer/mannheim/,7,3,638
hochbau,mannheim,Mannheim,Mannheim,319536,530,P1,/leistungen/hochbau/mannheim/,6,4,609
renovierung-sanierung,mannheim,Mannheim,Mannheim,319536,50,P1,/leistungen/renovierung-sanierung/mannheim/,6,3,524
innenausbau,mannheim,Mannheim,Mannheim,319536,40,P1,/leistungen/innenausbau/mannheim/,6,3,522
bad-sanitaer,karlsruhe,Karlsruhe,Karlsruhe,309247,160,P1,/leistungen/bad-sanitaer/karlsruhe/,6,3,550
hochbau,karlsruhe,Karlsruhe,Karlsruhe,309247,800,P1,/leistungen/hochbau/karlsruhe/,7,4,581
renovierung-sanierung,karlsruhe,Karlsruhe,Karlsruhe,309247,60,P1,/leistungen/renovierung-sanierung/karlsruhe/,6,3,580
innenausbau,karlsruhe,Karlsruhe,Karlsruhe,309247,30,P1,/leistungen/innenausbau/karlsruhe/,6,3,566
bad-sanitaer,freiburg,Freiburg,Freiburg im Breisgau,238299,100,P1,/leistungen/bad-sanitaer/freiburg/,5,3,593
hochbau,freiburg,Freiburg,Freiburg im Breisgau,238299,690,P1,/leistungen/hochbau/freiburg/,5,3,571
bad-sanitaer,heidelberg,Heidelberg,Heidelberg,156092,120,P1,/leistungen/bad-sanitaer/heidelberg/,6,3,565
hochbau,heidelberg,Heidelberg,Heidelberg,156092,170,P1,/leistungen/hochbau/heidelberg/,6,3,547
innenausbau,heidelberg,Heidelberg,Heidelberg,156092,30,P1,/leistungen/innenausbau/heidelberg/,6,3,519
bad-sanitaer,pforzheim,Pforzheim,Pforzheim,134422,60,P1,/leistungen/bad-sanitaer/pforzheim/,6,3,590
hochbau,pforzheim,Pforzheim,Pforzheim,134422,230,P1,/leistungen/hochbau/pforzheim/,7,4,594
bad-sanitaer,heilbronn,Heilbronn,Heilbronn,132516,80,P1,/leistungen/bad-sanitaer/heilbronn/,7,3,593
hochbau,heilbronn,Heilbronn,Heilbronn,132516,370,P1,/leistungen/hochbau/heilbronn/,7,3,581
renovierung-sanierung,heilbronn,Heilbronn,Heilbronn,132516,60,P1,/leistungen/renovierung-sanierung/heilbronn/,8,4,593
bad-sanitaer,ulm,Ulm,Ulm,130288,120,P1,/leistungen/bad-sanitaer/ulm/,6,3,574
hochbau,ulm,Ulm,Ulm,130288,580,P1,/leistungen/hochbau/ulm/,7,3,574
renovierung-sanierung,ulm,Ulm,Ulm,130288,70,P1,/leistungen/renovierung-sanierung/ulm/,7,3,576
bad-sanitaer,reutlingen,Reutlingen,Reutlingen,119040,80,P1,/leistungen/bad-sanitaer/reutlingen/,6,3,578
hochbau,reutlingen,Reutlingen,Reutlingen,119040,220,P2,/leistungen/hochbau/reutlingen/,7,4,588
bad-sanitaer,esslingen,Esslingen,Esslingen,95419,30,P1,/leistungen/bad-sanitaer/esslingen/,6,3,585
hochbau,esslingen,Esslingen,Esslingen,95419,160,P1,/leistungen/hochbau/esslingen/,7,4,585
bad-sanitaer,ludwigsburg,Ludwigsburg,Ludwigsburg,93002,90,P1,/leistungen/bad-sanitaer/ludwigsburg/,6,3,565
hochbau,ludwigsburg,Ludwigsburg,Ludwigsburg,93002,230,P1,/leistungen/hochbau/ludwigsburg/,7,3,537
renovierung-sanierung,ludwigsburg,Ludwigsburg,Ludwigsburg,93002,30,P1,/leistungen/renovierung-sanierung/ludwigsburg/,7,3,487
innenausbau,ludwigsburg,Ludwigsburg,Ludwigsburg,93002,30,P1,/leistungen/innenausbau/ludwigsburg/,6,3,487
bad-sanitaer,tuebingen,Tübingen,Tübingen,92607,50,P1,/leistungen/bad-sanitaer/tuebingen/,7,3,588
hochbau,tuebingen,Tübingen,Tübingen,92607,230,P1,/leistungen/hochbau/tuebingen/,7,3,564
bad-sanitaer,villingen-schwenningen,Villingen-Schwenningen,Schwarzwald-Baar-Kreis,89766,30,P1,/leistungen/bad-sanitaer/villingen-schwenningen/,7,3,580
hochbau,villingen-schwenningen,Villingen-Schwenningen,Schwarzwald-Baar-Kreis,89766,120,P1,/leistungen/hochbau/villingen-schwenningen/,6,3,561
bad-sanitaer,konstanz,Konstanz,Konstanz,86691,30,P1,/leistungen/bad-sanitaer/konstanz/,6,3,595
hochbau,konstanz,Konstanz,Konstanz,86691,50,P1,/leistungen/hochbau/konstanz/,7,4,593
bad-sanitaer,aalen,Aalen,Ostalbkreis,67675,30,P1,/leistungen/bad-sanitaer/aalen/,6,3,563
hochbau,aalen,Aalen,Ostalbkreis,67675,200,P1,/leistungen/hochbau/aalen/,6,3,583
bad-sanitaer,schwaebisch-gmuend,Schwäbisch Gmünd,Ostalbkreis,63930,30,P1,/leistungen/bad-sanitaer/schwaebisch-gmuend/,7,3,549
hochbau,schwaebisch-gmuend,Schwäbisch Gmünd,Ostalbkreis,63930,160,P1,/leistungen/hochbau/schwaebisch-gmuend/,8,3,601
bad-sanitaer,offenburg,Offenburg,Ortenaukreis,63437,30,P1,/leistungen/bad-sanitaer/offenburg/,7,3,559
hochbau,offenburg,Offenburg,Ortenaukreis,63437,160,P1,/leistungen/hochbau/offenburg/,7,3,544
bad-sanitaer,friedrichshafen,Friedrichshafen,Bodenseekreis,62781,30,P1,/leistungen/bad-sanitaer/friedrichshafen/,6,3,562
hochbau,friedrichshafen,Friedrichshafen,Bodenseekreis,62781,120,P1,/leistungen/hochbau/friedrichshafen/,7,4,578
bad-sanitaer,sindelfingen,Sindelfingen,Böblingen,61428,30,P1,/leistungen/bad-sanitaer/sindelfingen/,6,3,561
bad-sanitaer,goeppingen,Göppingen,Göppingen,58678,40,P1,/leistungen/bad-sanitaer/goeppingen/,7,3,582
hochbau,goeppingen,Göppingen,Göppingen,58678,160,P1,/leistungen/hochbau/goeppingen/,7,3,579
bad-sanitaer,waiblingen,Waiblingen,Rems-Murr-Kreis,57186,50,P1,/leistungen/bad-sanitaer/waiblingen/,8,3,576
bad-sanitaer,baden-baden,Baden-Baden,Baden-Baden,56952,40,P1,/leistungen/bad-sanitaer/baden-baden/,6,3,576
hochbau,baden-baden,Baden-Baden,Baden-Baden,56952,50,P1,/leistungen/hochbau/baden-baden/,7,3,573
bad-sanitaer,loerrach,Lörrach,Lörrach,51274,30,P1,/leistungen/bad-sanitaer/loerrach/,6,3,589
hochbau,loerrach,Lörrach,Lörrach,51274,180,P2,/leistungen/hochbau/loerrach/,6,3,528
hochbau,lahr,Lahr,Ortenaukreis,51208,70,P2,/leistungen/hochbau/lahr/,7,3,578
bad-sanitaer,boeblingen,Böblingen,Böblingen,51204,40,P1,/leistungen/bad-sanitaer/boeblingen/,7,3,573
hochbau,boeblingen,Böblingen,Böblingen,51204,120,P1,/leistungen/hochbau/boeblingen/,7,4,596
bad-sanitaer,rastatt,Rastatt,Rastatt,50753,40,P1,/leistungen/bad-sanitaer/rastatt/,6,3,590
hochbau,rastatt,Rastatt,Rastatt,50753,90,P1,/leistungen/hochbau/rastatt/,6,3,542
bad-sanitaer,heidenheim,Heidenheim,Heidenheim,50612,20,P1,/leistungen/bad-sanitaer/heidenheim/,7,3,596
hochbau,heidenheim,Heidenheim,Heidenheim,50612,120,P2,/leistungen/hochbau/heidenheim/,7,3,580
bad-sanitaer,ravensburg,Ravensburg,Ravensburg,50549,40,P1,/leistungen/bad-sanitaer/ravensburg/,7,3,603
hochbau,ravensburg,Ravensburg,Ravensburg,50549,160,P1,/leistungen/hochbau/ravensburg/,6,3,574
bad-sanitaer,leonberg,Leonberg,Böblingen,49514,20,P1,/leistungen/bad-sanitaer/leonberg/,7,3,584
hochbau,leonberg,Leonberg,Böblingen,49514,140,P1,/leistungen/hochbau/leonberg/,8,3,557
hochbau,singen,Singen,Konstanz,48089,90,P2,/leistungen/hochbau/singen/,7,3,572
bad-sanitaer,bruchsal,Bruchsal,Karlsruhe,47578,20,P1,/leistungen/bad-sanitaer/bruchsal/,6,3,593
hochbau,bruchsal,Bruchsal,Karlsruhe,47578,440,P2,/leistungen/hochbau/bruchsal/,7,3,558
bad-sanitaer,weinheim,Weinheim,Rhein-Neckar-Kreis,45919,30,P1,/leistungen/bad-sanitaer/weinheim/,6,3,586
hochbau,weinheim,Weinheim,Rhein-Neckar-Kreis,45919,140,P2,/leistungen/hochbau/weinheim/,7,3,588
bad-sanitaer,rottenburg,Rottenburg,Tübingen,45579,30,P1,/leistungen/bad-sanitaer/rottenburg/,7,3,572
bad-sanitaer,bietigheim-bissingen,Bietigheim-Bissingen,Ludwigsburg,43354,30,P1,/leistungen/bad-sanitaer/bietigheim-bissingen/,6,3,513
hochbau,schwaebisch-hall,Schwäbisch Hall,Schwäbisch Hall,42705,120,P1,/leistungen/hochbau/schwaebisch-hall/,7,3,569
bad-sanitaer,schorndorf,Schorndorf,Rems-Murr-Kreis,41469,20,P1,/leistungen/bad-sanitaer/schorndorf/,7,3,586
bad-sanitaer,ettlingen,Ettlingen,Karlsruhe,38557,40,P1,/leistungen/bad-sanitaer/ettlingen/,6,3,565
bad-sanitaer,sinsheim,Sinsheim,Rhein-Neckar-Kreis,37105,20,P1,/leistungen/bad-sanitaer/sinsheim/,6,3,559
hochbau,sinsheim,Sinsheim,Rhein-Neckar-Kreis,37105,80,P1,/leistungen/hochbau/sinsheim/,5,3,557
bad-sanitaer,tuttlingen,Tuttlingen,Tuttlingen,37093,20,P1,/leistungen/bad-sanitaer/tuttlingen/,6,3,590
hochbau,tuttlingen,Tuttlingen,Tuttlingen,37093,80,P1,/leistungen/hochbau/tuttlingen/,6,3,551
hochbau,crailsheim,Crailsheim,Schwäbisch Hall,35905,110,P1,/leistungen/hochbau/crailsheim/,7,3,585
bad-sanitaer,balingen,Balingen,Zollernalbkreis,35744,20,P1,/leistungen/bad-sanitaer/balingen/,6,3,589
hochbau,balingen,Balingen,Zollernalbkreis,35744,130,P1,/leistungen/hochbau/balingen/,6,3,548
bad-sanitaer,herrenberg,Herrenberg,Böblingen,34167,20,P1,/leistungen/bad-sanitaer/herrenberg/,6,3,518
hochbau,herrenberg,Herrenberg,Böblingen,34167,70,P2,/leistungen/hochbau/herrenberg/,8,3,580
hochbau,oehringen,Öhringen,Hohenlohekreis,25871,60,P1,/leistungen/hochbau/oehringen/,8,3,571
bad-sanitaer,mosbach,Mosbach,Neckar-Odenwald-Kreis,24393,20,P1,/leistungen/bad-sanitaer/mosbach/,6,3,559
bad-sanitaer,bad-rappenau,Bad Rappenau,Heilbronn,22728,20,P1,/leistungen/bad-sanitaer/bad-rappenau/,7,3,575
bad-sanitaer,schwetzingen,Schwetzingen,Rhein-Neckar-Kreis,21864,20,P1,/leistungen/bad-sanitaer/schwetzingen/,6,3,567
hochbau,donaueschingen,Donaueschingen,Schwarzwald-Baar-Kreis,21734,70,P1,/leistungen/hochbau/donaueschingen/,8,3,579
